kelime,simdiki_pozisyon,bir_ay_once_pozisyon,degisim,gosterim_14g,tik_14g
"mash branda",1.0,YENİ,-,2,0
"mersin fotokopi",1.0,YENİ,-,2,0
"yangınla mücadele ekipmanını gösteren işaret levhası",1.0,YENİ,-,2,0
"dekota baski",1.0,YENİ,-,1,1
"cmyk nedir",1.0,YENİ,-,1,0
"kapı kolu broşür",1.0,2.5,+1.5,1,0
"matbaa mersin",1.0,YENİ,-,1,0
"ni is",1.0,YENİ,-,1,0
"roll up fiyatları",1.0,YENİ,-,1,0
"rollup fiyatları",1.0,YENİ,-,1,0
"kapı askı broşür",1.5,1.3,-0.2,8,0
"dosya kapalı",1.7,YENİ,-,3,0
"matbaa",2.0,YENİ,-,2,0
"reklam afiş",2.0,YENİ,-,2,0
"baskı",2.0,YENİ,-,1,0
"branda baskı",2.0,YENİ,-,1,0
"dijital baskı mersin",2.0,YENİ,-,1,0
"kamyon makas takozu",2.0,YENİ,-,1,0
"mark ala",2.0,YENİ,-,1,0
"marka la",2.0,4.0,+2.0,1,0
"point com",2.0,YENİ,-,1,0
"mersin matbaa",2.3,53.0,+50.8,4,0
"markala",2.4,2.9,+0.5,53,17
"kartvizit",3.0,YENİ,-,2,0
"bina no",3.0,YENİ,-,1,0
"mersin baskı merkezi",3.0,YENİ,-,1,0
"mersin reklam baskı",3.0,YENİ,-,1,0
"topraklama işareti nedir",3.1,YENİ,-,7,0
"alo itfaiye",4.0,YENİ,-,2,0
"etiket numaratör",4.0,18.7,+14.7,1,0
"mersin de",4.0,YENİ,-,1,0
"elektrik topraklama işareti",4.5,YENİ,-,4,0
"approved sticker",4.5,5.0,+0.5,2,0
"topraklama simgesi",4.8,1.0,-3.8,5,0
"topraklama işareti",4.9,1.9,-3.0,82,0
"..com",5.0,YENİ,-,1,0
"go print tr",5.0,YENİ,-,1,0
"elektrikte toprak işareti",5.2,YENİ,-,5,0
"toprak işareti",5.4,27.0,+21.6,14,0
"dijital",5.7,YENİ,-,3,0
"printer",6.0,YENİ,-,1,0
"100",6.3,YENİ,-,3,0
"com",6.5,YENİ,-,2,0
"güvenlik işaretlerinde aşağıdakilerden renklerden hangisi yasakları, yangınla mücadeleyi ve tehlike alarmlarını belirtir? kırmızı sarı mavi yeşil",6.5,YENİ,-,2,0
"topraklama sembolü",6.6,1.2,-5.4,16,0
"markalama makinesi",7.0,YENİ,-,2,0
"12.960",7.0,YENİ,-,1,0
"markayla",7.0,1.0,-6.0,1,0
"güvenlik işaretlerinde aşağıdakilerden renklerden hangisi yasakları, yangınla mücadeleyi ve tehlike alarmlarını belirtir?",7.2,YENİ,-,6,0
"ex patlayıcı ortam levhası",7.7,7.0,-0.7,7,0
"dikkat kör nokta",7.8,YENİ,-,4,0
"cad.",8.0,YENİ,-,1,0
"dergiler",8.0,YENİ,-,1,0
"dijital kartvizit",8.0,YENİ,-,1,0
"dikkat ölüm tehlikesi",8.0,30.0,+22.0,1,0
"yüzmek yasaktır levhası",8.0,YENİ,-,1,0
"anamur matbaa",8.2,11.8,+3.6,9,0
"ges uyarı levhaları",8.5,YENİ,-,4,1
"asansör uyarı etiketleri",8.5,YENİ,-,2,0
"tr",8.5,YENİ,-,2,0
"alçak tavan uyarı levhası pdf",8.7,YENİ,-,6,1
"en yakın matbaacı",9.0,9.7,+0.7,4,0
"en yakın matba",9.0,YENİ,-,2,0
"matbaacı en yakın",9.0,9.5,+0.5,2,0
"acil çıkış ve kaçış yollarını gösteren güvenlik işareti hangi renktir",9.0,YENİ,-,1,0
"dikkat el sıkışma tehlikesi",9.0,YENİ,-,1,0
"kör nokta uyarı levhası",9.0,7.0,-2.0,1,0
"bay bayan wc yazısı pdf",9.1,YENİ,-,7,0
"paraf işareti",9.3,YENİ,-,3,0
"ilk yardım dolabı işareti hangi renk ile tanımlanır",9.4,11.5,+2.1,14,0
"toprak sembolü",9.4,YENİ,-,9,0
"en yakın matbacı",9.5,YENİ,-,2,0
"osmaniye matbaa",9.8,10.0,+0.2,60,0
"emredici levha rengi",10.0,YENİ,-,4,0
"matbaa en yakın",10.0,YENİ,-,2,0
"el sıkışma tehlikesi",10.0,YENİ,-,1,0
"numaratör etiket",10.0,8.0,-2.0,1,0
"dikkat düşme tehlikesi",10.2,24.0,+13.8,9,0
"yasaklayıcı işaretler hangi renk",10.3,10.6,+0.3,3,0
"zorunluluk bildiren levha rengi",10.4,YENİ,-,5,0
"acil çıkış tabelaları rengi aşağıdakilerden hangisidir?",10.5,YENİ,-,11,0
"matbaa osmaniye",10.6,11.4,+0.8,12,0
"dikkat çarpma tehlikesi",10.7,9.7,-1.0,3,0
"biyolojik risk levhası",11.0,10.0,-1.0,2,0
"dekota levha nedir",11.0,YENİ,-,2,0
"branda afiş ölçüleri",11.0,YENİ,-,1,0
"yasaklayıcı işaret rengi",11.0,11.4,+0.4,1,0
"önce can güvenliği",11.0,YENİ,-,1,0
"emredici işaret rengi",11.7,YENİ,-,23,0
"yangınla mücadele rengi",12.0,YENİ,-,1,0
"en yakın matbaa",12.9,YENİ,-,22,0
"antalya matba",14.0,YENİ,-,1,0
"sentez matbaa fiyat listesi",14.7,YENİ,-,3,0
"dekota baskı",15.6,38.0,+22.4,25,0
"mesh branda",16.0,YENİ,-,1,0
"kontrol edildi etiketi",16.5,YENİ,-,4,0
"tıbbi atık levhaları",18.0,YENİ,-,1,0
"antalya matbaa baskı",18.3,15.0,-3.3,4,0
"trodat printy 4912 kaşe",22.0,23.0,+1.0,1,0
"antalya matbaa",22.5,24.5,+2.0,34,0
"arızalı yazısı",24.5,YENİ,-,2,0
"el ilanı nedir",25.0,YENİ,-,1,0
"elektrik isareti",25.0,YENİ,-,1,0
"vinil afiş",25.0,37.0,+12.0,1,0
"matbaa antalya",26.3,YENİ,-,3,0
"yanıcı madde levhası",26.3,13.8,-12.5,3,0
"branda afiş",28.0,28.0,0.0,3,0
"el ilanları nedir",28.0,YENİ,-,1,0
"vinil branda",28.0,YENİ,-,1,0
"emredici iş güvenliği levhaları ne renktir",30.5,YENİ,-,2,0
"alçak tavan uyarı levhası",31.0,YENİ,-,1,0
"dikkat tıbbi atık yazısı",31.0,YENİ,-,1,0
"dikkat yazısı",32.0,YENİ,-,1,0
"ücretsiz numune",34.8,39.0,+4.3,4,0
"kapı askısı broşür",35.0,78.5,+43.5,7,0
"makbuz baskı",36.0,33.0,-3.0,2,0
"matbaa fiyat",37.0,YENİ,-,3,0
"alçak tavan uyarı",37.0,YENİ,-,1,0
"acil çıkış levhaları ne renktir",38.0,YENİ,-,1,0
"oto paspas baskı",38.0,YENİ,-,1,0
"kalite kontrol etiketi",38.6,23.7,-15.0,8,0
"araba sticker kaplama",39.0,YENİ,-,3,0
"renklojistik.com",42.0,68.0,+26.0,1,0
"paspas baskı",42.7,YENİ,-,3,0
"antetli kağıt baskı fiyatları",44.0,60.5,+16.5,1,0
"matbaa ücretleri",46.0,YENİ,-,2,0
"uyarı levhaları anlamları",46.0,YENİ,-,1,0
"makbuz basımı",47.5,YENİ,-,2,0
"broşür kağıdı fiyatları",48.0,48.0,0.0,1,0
"acil çıkış rengi nedir",50.5,YENİ,-,2,0
"gaziantep matbaa",52.3,15.3,-37.1,3,0
"kapı broşürü",55.0,55.6,+0.6,9,0
"a4 broşür baskı fiyatları",57.7,60.3,+2.7,6,0
"vinil branda fiyatları",58.0,YENİ,-,2,0
"85 x 200 cm",58.0,YENİ,-,1,0
"broşür fiyatları",59.0,55.0,-4.0,4,0
"amerikan servis fiyatları matbaa",59.3,YENİ,-,3,0
"acil durum işaretleri",61.0,YENİ,-,1,0
"yelken bayrak baskı",64.0,48.0,-16.0,2,0
"antetli baskı fiyatı",67.5,65.8,-1.8,2,0
"1000 adet el ilanı fiyatı",68.0,47.7,-20.3,3,0
"el afişi fiyatları",69.5,68.0,-1.5,4,0
"el ilanı baskı",69.7,YENİ,-,3,0
"muşamba baskı",70.0,YENİ,-,1,0
"amerikan servis baskı fiyatları",70.5,YENİ,-,2,0
"1000 adet broşür fiyatı",70.8,72.0,+1.3,4,0
"el ilani fiyat",71.0,57.5,-13.5,1,0
"antalya katalog baskı",72.0,YENİ,-,1,0
"güvenlik işaretleri",72.0,YENİ,-,1,0
"katlamalı broşür fiyatları",73.0,72.5,-0.5,1,0
"el ilanı baskı fiyatları",73.5,55.5,-18.0,2,0
"a4 el ilanı fiyatları",73.8,55.3,-18.4,4,0
"en ucuz el ilanı fiyatları",74.0,52.0,-22.0,1,0
"yangın nasıl çıkar",75.0,YENİ,-,3,0
"el ilanı fiyatları",75.7,55.5,-20.2,3,0
"broşür baskı satın al",76.0,YENİ,-,1,0
"kampanyala",76.7,75.2,-1.5,9,0
"5000 adet broşür fiyatı",77.0,81.0,+4.0,1,0
"1000 adet a5 broşür fiyatı",78.0,69.0,-9.0,1,0
"katalog baskı fiyatları antalya",78.0,52.0,-26.0,1,0
"pe etiketler",79.6,YENİ,-,7,0
"el broşürü baskı fiyatları",80.0,64.0,-16.0,1,0
"el ilanı bastır",80.0,YENİ,-,1,0
"makbuz form baskı tasarımı",80.7,YENİ,-,3,0
"broşür el ilanı",81.0,YENİ,-,1,0
"amerikan servis matbaa",82.0,76.0,-6.0,5,0
"antetli kağıt baskı fiyatı",82.0,77.0,-5.0,1,0
"amerikan servis baskı matbaa",82.5,81.0,-1.5,2,0
"makbuz form baskı",82.5,84.0,+1.5,2,0
"makbuz form baskı matbaa",82.5,90.0,+7.5,2,0
"numune talebi",82.7,YENİ,-,6,0
"damla bayrak",83.0,YENİ,-,1,0
"baskılı el ilanı",85.0,YENİ,-,1,0
"sarı levhalar ne anlama gelir",85.0,YENİ,-,1,0
"fogra nedir",86.0,69.0,-17.0,2,0
"el afişi",87.0,YENİ,-,1,0
"zarf baskı matbaa",88.0,YENİ,-,1,0
"cepli dosya baskı fiyatları",88.5,YENİ,-,2,0
"el ilanı",89.1,YENİ,-,7,0
"broşür bastırma fiyatları",90.0,70.0,-20.0,2,0
"vinil branda mı yapışkanlı folyo mu",93.0,12.5,-80.5,1,0
"bazlama etiketi",93.3,83.0,-10.3,4,0
"el ilanı bastırma",93.5,YENİ,-,2,0
"el ilanı baskısı",96.0,YENİ,-,1,0
"iş güvenliği işaretleri",99.0,YENİ,-,2,0
"vinil branda baskı",111.0,YENİ,-,1,0